-- phpMyAdmin SQL Dump
-- version 5.2.1
-- https://www.phpmyadmin.net/
--
-- Anamakine: 127.0.0.1
-- Üretim Zamanı: 28 Ağu 2024, 15:06:43
-- Sunucu sürümü: 10.4.32-MariaDB
-- PHP Sürümü: 8.2.12

SET SQL_MODE = "NO_AUTO_VALUE_ON_ZERO";
START TRANSACTION;
SET time_zone = "+00:00";


/*!40101 SET @OLD_CHARACTER_SET_CLIENT=@@CHARACTER_SET_CLIENT */;
/*!40101 SET @OLD_CHARACTER_SET_RESULTS=@@CHARACTER_SET_RESULTS */;
/*!40101 SET @OLD_COLLATION_CONNECTION=@@COLLATION_CONNECTION */;
/*!40101 SET NAMES utf8mb4 */;

--
-- Veritabanı: `data`
--

-- --------------------------------------------------------

--
-- Tablo için tablo yapısı `alerts`
--

CREATE TABLE `alerts` (
  `id` int(11) NOT NULL,
  `sensor_id` int(11) DEFAULT NULL,
  `alert_type` varchar(20) DEFAULT NULL,
  `alert_message` varchar(255) DEFAULT NULL,
  `created_at` timestamp NOT NULL DEFAULT current_timestamp()
) ENGINE=InnoDB DEFAULT CHARSET=utf8mb4 COLLATE=utf8mb4_turkish_ci;

--
-- Tablo döküm verisi `alerts`
--

INSERT INTO `alerts` (`id`, `sensor_id`, `alert_type`, `alert_message`, `created_at`) VALUES
(196, 1, 'Temperature', 'Temperature exceeded the threshold at 2024-08-28 14:00:00', '2024-08-28 11:42:55'),
(197, 3, 'Temperature', 'Temperature exceeded the threshold at 2024-08-28 14:00:00', '2024-08-28 11:47:08'),
(198, 1, 'Temperature', 'Temperature exceeded the threshold at 2024-08-28 15:00:00', '2024-08-28 12:04:45'),
(199, 2, 'Humidity', 'Humidity exceeded the threshold at 2024-08-28 16:00:00', '2024-08-28 13:00:38'),
(200, 3, 'Humidity', 'Humidity exceeded the threshold at 2024-08-28 16:00:00', '2024-08-28 13:00:38'),
(201, 4, 'Humidity', 'Humidity exceeded the threshold at 2024-08-28 16:00:00', '2024-08-28 13:00:38'),
(202, 5, 'Humidity', 'Humidity exceeded the threshold at 2024-08-28 16:00:00', '2024-08-28 13:00:38'),
(203, 6, 'Humidity', 'Humidity exceeded the threshold at 2024-08-28 16:00:00', '2024-08-28 13:00:38');

-- --------------------------------------------------------

--
-- Tablo için tablo yapısı `sensors`
--

CREATE TABLE `sensors` (
  `id` int(11) NOT NULL,
  `name` varchar(50) NOT NULL,
  `created_at` timestamp NOT NULL DEFAULT current_timestamp()
) ENGINE=InnoDB DEFAULT CHARSET=utf8mb4 COLLATE=utf8mb4_turkish_ci;

--
-- Tablo döküm verisi `sensors`
--

INSERT INTO `sensors` (`id`, `name`, `created_at`) VALUES
(1, 'Sensor 1', '2024-08-27 07:16:04'),
(2, 'Sensor 2', '2024-08-27 07:16:04'),
(3, 'Sensor 3', '2024-08-27 07:16:04'),
(4, 'Sensor 4', '2024-08-27 07:21:14'),
(5, 'Sensor 5', '2024-08-27 07:21:14'),
(6, 'Sensor 6', '2024-08-27 07:21:14');

-- --------------------------------------------------------

--
-- Tablo için tablo yapısı `sensor_readings`
--

CREATE TABLE `sensor_readings` (
  `id` int(11) NOT NULL,
  `sensor_id` int(11) DEFAULT NULL,
  `temperature` float DEFAULT NULL,
  `humidity` float DEFAULT NULL,
  `reading_time` timestamp NOT NULL DEFAULT current_timestamp()
) ENGINE=InnoDB DEFAULT CHARSET=utf8mb4 COLLATE=utf8mb4_turkish_ci;

--
-- Tablo döküm verisi `sensor_readings`
--

INSERT INTO `sensor_readings` (`id`, `sensor_id`, `temperature`, `humidity`, `reading_time`) VALUES
(1, 1, 25.5, 25, '2024-08-27 22:00:00'),
(2, 1, 32, 55, '2024-08-27 23:00:00'),
(3, 1, 35.5, 45, '2024-08-28 00:00:00'),
(4, 1, 42.4, 87, '2024-08-28 01:00:00'),
(5, 1, 36.8, 74, '2024-08-28 02:00:00'),
(6, 1, 47.5, 41, '2024-08-28 03:00:00'),
(7, 1, 54.8, 35, '2024-08-28 04:00:00'),
(8, 1, 33.4, 28, '2024-08-28 05:00:00'),
(9, 1, 26.8, 12, '2024-08-28 06:00:00'),
(10, 1, 10.4, 15, '2024-08-28 07:00:00'),
(11, 1, 18.5, 19, '2024-08-28 08:00:00'),
(12, 1, 70, 21, '2024-08-28 09:00:00'),
(13, 1, 63, 57, '2024-08-28 10:00:00'),
(14, 1, 64.5, 61, '2024-08-28 11:00:00'),
(15, 1, 82.5, 56, '2024-08-28 12:00:00'),
(16, 1, 72.5, 29, '2024-08-28 13:00:00'),
(17, 1, 62.5, 43, '2024-08-28 14:00:00'),
(18, 1, 68.3, 45, '2024-08-28 15:00:00'),
(19, 1, 65, 48, '2024-08-28 16:00:00'),
(20, 1, 82, 56, '2024-08-28 17:00:00'),
(21, 1, 81, 74, '2024-08-28 18:00:00'),
(22, 1, 70.5, 61, '2024-08-28 19:00:00'),
(23, 1, 72.5, 73, '2024-08-28 20:00:00'),
(24, 1, 79.5, 44, '2024-08-27 21:00:00'),
(117, 2, 45.5, 95, '2024-08-27 22:00:00'),
(118, 2, 72, 45, '2024-08-27 23:00:00'),
(119, 2, 55.5, 35, '2024-08-28 00:00:00'),
(120, 2, 42.4, 81, '2024-08-28 01:00:00'),
(121, 2, 66.8, 47, '2024-08-28 02:00:00'),
(122, 2, 27.5, 69, '2024-08-28 03:00:00'),
(123, 2, 34.8, 47, '2024-08-28 04:00:00'),
(124, 2, 63.4, 58, '2024-08-28 05:00:00'),
(125, 2, 76.8, 41, '2024-08-28 06:00:00'),
(126, 2, 80.4, 81, '2024-08-28 07:00:00'),
(127, 2, 18.5, 76, '2024-08-28 08:00:00'),
(128, 2, 10, 84, '2024-08-28 09:00:00'),
(129, 2, 23, 12, '2024-08-28 10:00:00'),
(130, 2, 34.5, 19, '2024-08-28 11:00:00'),
(131, 2, 42.5, 17, '2024-08-28 12:00:00'),
(132, 2, 0, 81, '2024-08-28 13:00:00'),
(133, 2, 62.5, 46, '2024-08-28 14:00:00'),
(134, 2, 58.3, 45, '2024-08-28 15:00:00'),
(135, 2, 55, 71, '2024-08-28 16:00:00'),
(136, 2, 52, 63, '2024-08-28 17:00:00'),
(137, 2, 41, 61, '2024-08-28 18:00:00'),
(138, 2, 30.5, 84, '2024-08-28 19:00:00'),
(139, 2, 62.5, 75, '2024-08-28 20:00:00'),
(140, 2, 79.5, 71, '2024-08-27 21:00:00'),
(141, 3, 25.1, 95, '2024-08-27 22:00:00'),
(142, 3, 42.7, 45, '2024-08-27 23:00:00'),
(143, 3, 15.6, 35, '2024-08-28 00:00:00'),
(144, 3, 12.4, 81, '2024-08-28 01:00:00'),
(145, 3, 16.4, 47, '2024-08-28 02:00:00'),
(146, 3, 17.7, 69, '2024-08-28 03:00:00'),
(147, 3, 31.5, 47, '2024-08-28 04:00:00'),
(148, 3, 33.4, 58, '2024-08-28 05:00:00'),
(149, 3, 66.8, 41, '2024-08-28 06:00:00'),
(150, 3, 40.4, 81, '2024-08-28 07:00:00'),
(151, 3, 38.5, 76, '2024-08-28 08:00:00'),
(152, 3, 20, 74, '2024-08-28 09:00:00'),
(153, 3, 13, 12, '2024-08-28 10:00:00'),
(154, 3, 24.5, 19, '2024-08-28 11:00:00'),
(155, 3, 62.5, 17, '2024-08-28 12:00:00'),
(156, 3, 32, 81, '2024-08-28 13:00:00'),
(157, 3, 32.4, 46, '2024-08-28 14:00:00'),
(158, 3, 58.3, 45, '2024-08-28 15:00:00'),
(159, 3, 25, 71, '2024-08-28 16:00:00'),
(160, 3, 22.6, 63, '2024-08-28 17:00:00'),
(161, 3, 29, 61, '2024-08-28 18:00:00'),
(162, 3, 34.5, 84, '2024-08-28 19:00:00'),
(163, 3, 47.5, 75, '2024-08-28 20:00:00'),
(164, 3, 16.5, 71, '2024-08-27 21:00:00'),
(165, 4, 45.1, 95, '2024-08-27 22:00:00'),
(166, 4, 62.7, 45, '2024-08-27 23:00:00'),
(167, 4, 35.6, 35, '2024-08-28 00:00:00'),
(168, 4, 22.4, 81, '2024-08-28 01:00:00'),
(169, 4, 46.4, 47, '2024-08-28 02:00:00'),
(170, 4, 47.7, 69, '2024-08-28 03:00:00'),
(171, 4, 41.5, 47, '2024-08-28 04:00:00'),
(172, 4, 23.4, 58, '2024-08-28 05:00:00'),
(173, 4, 26.8, 41, '2024-08-28 06:00:00'),
(174, 4, 20.4, 81, '2024-08-28 07:00:00'),
(175, 4, 18.5, 76, '2024-08-28 08:00:00'),
(176, 4, 10, 84, '2024-08-28 09:00:00'),
(177, 4, 13, 12, '2024-08-28 10:00:00'),
(178, 4, 14.5, 19, '2024-08-28 11:00:00'),
(179, 4, 62.5, 17, '2024-08-28 12:00:00'),
(180, 4, 62, 81, '2024-08-28 13:00:00'),
(181, 4, 62.4, 46, '2024-08-28 14:00:00'),
(182, 4, 68.3, 45, '2024-08-28 15:00:00'),
(183, 4, 75, 71, '2024-08-28 16:00:00'),
(184, 4, 72.6, 63, '2024-08-28 17:00:00'),
(185, 4, 79, 61, '2024-08-28 18:00:00'),
(186, 4, 34.5, 84, '2024-08-28 19:00:00'),
(187, 4, 37.5, 75, '2024-08-28 20:00:00'),
(188, 4, 26.5, 71, '2024-08-27 21:00:00'),
(189, 5, 15.1, 95, '2024-08-27 22:00:00'),
(190, 5, 12.7, 45, '2024-08-27 23:00:00'),
(191, 5, 15.6, 35, '2024-08-28 00:00:00'),
(192, 5, 12.4, 81, '2024-08-28 01:00:00'),
(193, 5, 26.4, 47, '2024-08-28 02:00:00'),
(194, 5, 27.7, 69, '2024-08-28 03:00:00'),
(195, 5, 21.5, 47, '2024-08-28 04:00:00'),
(196, 5, 23.4, 58, '2024-08-28 05:00:00'),
(197, 5, 36.8, 41, '2024-08-28 06:00:00'),
(198, 5, 30.4, 81, '2024-08-28 07:00:00'),
(199, 5, 38.5, 76, '2024-08-28 08:00:00'),
(200, 5, 30, 84, '2024-08-28 09:00:00'),
(201, 5, 43, 12, '2024-08-28 10:00:00'),
(202, 5, 44.5, 19, '2024-08-28 11:00:00'),
(203, 5, 42.5, 17, '2024-08-28 12:00:00'),
(204, 5, 42, 81, '2024-08-28 13:00:00'),
(205, 5, 62.4, 46, '2024-08-28 14:00:00'),
(206, 5, 68.3, 45, '2024-08-28 15:00:00'),
(207, 5, 65, 71, '2024-08-28 16:00:00'),
(208, 5, 62.6, 63, '2024-08-28 17:00:00'),
(209, 5, 79, 61, '2024-08-28 18:00:00'),
(210, 5, 74.5, 84, '2024-08-28 19:00:00'),
(211, 5, 77.5, 75, '2024-08-28 20:00:00'),
(212, 5, 86.5, 71, '2024-08-27 21:00:00'),
(213, 6, 45.1, 95, '2024-08-27 22:00:00'),
(214, 6, 42.7, 45, '2024-08-27 23:00:00'),
(215, 6, 45.6, 35, '2024-08-28 00:00:00'),
(216, 6, 42.4, 81, '2024-08-28 01:00:00'),
(217, 6, 66.4, 47, '2024-08-28 02:00:00'),
(218, 6, 67.7, 69, '2024-08-28 03:00:00'),
(219, 6, 61.5, 47, '2024-08-28 04:00:00'),
(220, 6, 63.4, 58, '2024-08-28 05:00:00'),
(221, 6, 26.8, 41, '2024-08-28 06:00:00'),
(222, 6, 20.4, 81, '2024-08-28 07:00:00'),
(223, 6, 28.5, 76, '2024-08-28 08:00:00'),
(224, 6, 20, 84, '2024-08-28 09:00:00'),
(225, 6, 73, 12, '2024-08-28 10:00:00'),
(226, 6, 74.5, 19, '2024-08-28 11:00:00'),
(227, 6, 72.5, 17, '2024-08-28 12:00:00'),
(228, 6, 72, 81, '2024-08-28 13:00:00'),
(229, 6, 32.4, 46, '2024-08-28 14:00:00'),
(230, 6, 38.3, 45, '2024-08-28 15:00:00'),
(231, 6, 35, 71, '2024-08-28 16:00:00'),
(232, 6, 32.6, 63, '2024-08-28 17:00:00'),
(233, 6, 99, 61, '2024-08-28 18:00:00'),
(234, 6, 94.5, 84, '2024-08-28 19:00:00'),
(235, 6, 97.5, 75, '2024-08-28 20:00:00'),
(236, 6, 96.5, 71, '2024-08-27 21:00:00');

-- --------------------------------------------------------

--
-- Tablo için tablo yapısı `users`
--

CREATE TABLE `users` (
  `id` int(11) NOT NULL,
  `username` varchar(50) NOT NULL,
  `password` varchar(255) NOT NULL,
  `created_at` timestamp NOT NULL DEFAULT current_timestamp()
) ENGINE=InnoDB DEFAULT CHARSET=utf8mb4 COLLATE=utf8mb4_turkish_ci;

--
-- Tablo döküm verisi `users`
--

INSERT INTO `users` (`id`, `username`, `password`, `created_at`) VALUES
(1, 'ardaberk', '$2y$10$sPsZcyqs4KM/9Kik0GMvbO7MEfqF19AP0w/SQILE968IMn/P2QR/G', '2024-08-26 11:23:55');

--
-- Dökümü yapılmış tablolar için indeksler
--

--
-- Tablo için indeksler `alerts`
--
ALTER TABLE `alerts`
  ADD PRIMARY KEY (`id`),
  ADD KEY `sensor_id` (`sensor_id`);

--
-- Tablo için indeksler `sensors`
--
ALTER TABLE `sensors`
  ADD PRIMARY KEY (`id`);

--
-- Tablo için indeksler `sensor_readings`
--
ALTER TABLE `sensor_readings`
  ADD PRIMARY KEY (`id`),
  ADD KEY `sensor_id` (`sensor_id`);

--
-- Tablo için indeksler `users`
--
ALTER TABLE `users`
  ADD PRIMARY KEY (`id`),
  ADD UNIQUE KEY `username` (`username`);

--
-- Dökümü yapılmış tablolar için AUTO_INCREMENT değeri
--

--
-- Tablo için AUTO_INCREMENT değeri `alerts`
--
ALTER TABLE `alerts`
  MODIFY `id` int(11) NOT NULL AUTO_INCREMENT, AUTO_INCREMENT=204;

--
-- Tablo için AUTO_INCREMENT değeri `sensors`
--
ALTER TABLE `sensors`
  MODIFY `id` int(11) NOT NULL AUTO_INCREMENT, AUTO_INCREMENT=7;

--
-- Tablo için AUTO_INCREMENT değeri `sensor_readings`
--
ALTER TABLE `sensor_readings`
  MODIFY `id` int(11) NOT NULL AUTO_INCREMENT, AUTO_INCREMENT=237;

--
-- Tablo için AUTO_INCREMENT değeri `users`
--
ALTER TABLE `users`
  MODIFY `id` int(11) NOT NULL AUTO_INCREMENT, AUTO_INCREMENT=2;

--
-- Dökümü yapılmış tablolar için kısıtlamalar
--

--
-- Tablo kısıtlamaları `alerts`
--
ALTER TABLE `alerts`
  ADD CONSTRAINT `alerts_ibfk_1` FOREIGN KEY (`sensor_id`) REFERENCES `sensors` (`id`);

--
-- Tablo kısıtlamaları `sensor_readings`
--
ALTER TABLE `sensor_readings`
  ADD CONSTRAINT `sensor_readings_ibfk_1` FOREIGN KEY (`sensor_id`) REFERENCES `sensors` (`id`);
COMMIT;

/*!40101 SET CHARACTER_SET_CLIENT=@OLD_CHARACTER_SET_CLIENT */;
/*!40101 SET CHARACTER_SET_RESULTS=@OLD_CHARACTER_SET_RESULTS */;
/*!40101 SET COLLATION_CONNECTION=@OLD_COLLATION_CONNECTION */;
